STATUS,200
MESSAGEID,M181000I
MESSAGE,Successfully completed
DATE,2026-07-08T22:52:07.922+09:00
PARAMETER,FORMAT,CSV
PARAMETER,LANG,EN
PARAMETER,DB,MD02
PARAMETER,STARTDATE,199801
PARAMETER,ENDDATE,
PARAMETER,STARTPOSITION,
NEXTPOSITION,
SERIES_CODE,NAME_OF_TIME_SERIES,UNIT,FREQUENCY,CATEGORY,LAST_UPDATE,SURVEY_DATES,VALUES
MAM1NAM2M2MO,M2/Average Amounts Outstanding/Money Stock,100 million yen,MONTHLY,Money Stock,20260609,199801,null
MAM1NAM2M2MO,M2/Average Amounts Outstanding/Money Stock,100 million yen,MONTHLY,Money Stock,20260609,199802,null
MAM1NAM2M2MO,M2/Average Amounts Outstanding/Money Stock,100 million yen,MONTHLY,Money Stock,20260609,199803,null
MAM1NAM2M2MO,M2/Average Amounts Outstanding/Money Stock,100 million yen,MONTHLY,Money Stock,20260609,199804,null
MAM1NAM2M2MO,M2/Average Amounts Outstanding/Money Stock,100 million yen,MONTHLY,Money Stock,20260609,199805,null
MAM1NAM2M2MO,M2/Average Amounts Outstanding/Money Stock,100 million yen,MONTHLY,Money Stock,20260609,199806,null
MAM1NAM2M2MO,M2/Average Amounts Outstanding/Money Stock,100 million yen,MONTHLY,Money Stock,20260609,199807,null
MAM1NAM2M2MO,M2/Average Amounts Outstanding/Money Stock,100 million yen,MONTHLY,Money Stock,20260609,199808,null
MAM1NAM2M2MO,M2/Average Amounts Outstanding/Money Stock,100 million yen,MONTHLY,Money Stock,20260609,199809,null
MAM1NAM2M2MO,M2/Average Amounts Outstanding/Money Stock,100 million yen,MONTHLY,Money Stock,20260609,199810,null
MAM1NAM2M2MO,M2/Average Amounts Outstanding/Money Stock,100 million yen,MONTHLY,Money Stock,20260609,199811,null
MAM1NAM2M2MO,M2/Average Amounts Outstanding/Money Stock,100 million yen,MONTHLY,Money Stock,20260609,199812,null
MAM1NAM2M2MO,M2/Average Amounts Outstanding/Money Stock,100 million yen,MONTHLY,Money Stock,20260609,199901,null
MAM1NAM2M2MO,M2/Average Amounts Outstanding/Money Stock,100 million yen,MONTHLY,Money Stock,20260609,199902,null
MAM1NAM2M2MO,M2/Average Amounts Outstanding/Money Stock,100 million yen,MONTHLY,Money Stock,20260609,199903,null
MAM1NAM2M2MO,M2/Average Amounts Outstanding/Money Stock,100 million yen,MONTHLY,Money Stock,20260609,199904,null
MAM1NAM2M2MO,M2/Average Amounts Outstanding/Money Stock,100 million yen,MONTHLY,Money Stock,20260609,199905,null
MAM1NAM2M2MO,M2/Average Amounts Outstanding/Money Stock,100 million yen,MONTHLY,Money Stock,20260609,199906,null
MAM1NAM2M2MO,M2/Average Amounts Outstanding/Money Stock,100 million yen,MONTHLY,Money Stock,20260609,199907,null
MAM1NAM2M2MO,M2/Average Amounts Outstanding/Money Stock,100 million yen,MONTHLY,Money Stock,20260609,199908,null
MAM1NAM2M2MO,M2/Average Amounts Outstanding/Money Stock,100 million yen,MONTHLY,Money Stock,20260609,199909,null
MAM1NAM2M2MO,M2/Average Amounts Outstanding/Money Stock,100 million yen,MONTHLY,Money Stock,20260609,199910,null
MAM1NAM2M2MO,M2/Average Amounts Outstanding/Money Stock,100 million yen,MONTHLY,Money Stock,20260609,199911,null
MAM1NAM2M2MO,M2/Average Amounts Outstanding/Money Stock,100 million yen,MONTHLY,Money Stock,20260609,199912,null
MAM1NAM2M2MO,M2/Average Amounts Outstanding/Money Stock,100 million yen,MONTHLY,Money Stock,20260609,200001,null
MAM1NAM2M2MO,M2/Average Amounts Outstanding/Money Stock,100 million yen,MONTHLY,Money Stock,20260609,200002,null
MAM1NAM2M2MO,M2/Average Amounts Outstanding/Money Stock,100 million yen,MONTHLY,Money Stock,20260609,200003,null
MAM1NAM2M2MO,M2/Average Amounts Outstanding/Money Stock,100 million yen,MONTHLY,Money Stock,20260609,200004,null
MAM1NAM2M2MO,M2/Average Amounts Outstanding/Money Stock,100 million yen,MONTHLY,Money Stock,20260609,200005,null
MAM1NAM2M2MO,M2/Average Amounts Outstanding/Money Stock,100 million yen,MONTHLY,Money Stock,20260609,200006,null
MAM1NAM2M2MO,M2/Average Amounts Outstanding/Money Stock,100 million yen,MONTHLY,Money Stock,20260609,200007,null
MAM1NAM2M2MO,M2/Average Amounts Outstanding/Money Stock,100 million yen,MONTHLY,Money Stock,20260609,200008,null
MAM1NAM2M2MO,M2/Average Amounts Outstanding/Money Stock,100 million yen,MONTHLY,Money Stock,20260609,200009,null
MAM1NAM2M2MO,M2/Average Amounts Outstanding/Money Stock,100 million yen,MONTHLY,Money Stock,20260609,200010,null
MAM1NAM2M2MO,M2/Average Amounts Outstanding/Money Stock,100 million yen,MONTHLY,Money Stock,20260609,200011,null
MAM1NAM2M2MO,M2/Average Amounts Outstanding/Money Stock,100 million yen,MONTHLY,Money Stock,20260609,200012,null
MAM1NAM2M2MO,M2/Average Amounts Outstanding/Money Stock,100 million yen,MONTHLY,Money Stock,20260609,200101,null
MAM1NAM2M2MO,M2/Average Amounts Outstanding/Money Stock,100 million yen,MONTHLY,Money Stock,20260609,200102,null
MAM1NAM2M2MO,M2/Average Amounts Outstanding/Money Stock,100 million yen,MONTHLY,Money Stock,20260609,200103,null
MAM1NAM2M2MO,M2/Average Amounts Outstanding/Money Stock,100 million yen,MONTHLY,Money Stock,20260609,200104,null
MAM1NAM2M2MO,M2/Average Amounts Outstanding/Money Stock,100 million yen,MONTHLY,Money Stock,20260609,200105,null
MAM1NAM2M2MO,M2/Average Amounts Outstanding/Money Stock,100 million yen,MONTHLY,Money Stock,20260609,200106,null
MAM1NAM2M2MO,M2/Average Amounts Outstanding/Money Stock,100 million yen,MONTHLY,Money Stock,20260609,200107,null
MAM1NAM2M2MO,M2/Average Amounts Outstanding/Money Stock,100 million yen,MONTHLY,Money Stock,20260609,200108,null
MAM1NAM2M2MO,M2/Average Amounts Outstanding/Money Stock,100 million yen,MONTHLY,Money Stock,20260609,200109,null
MAM1NAM2M2MO,M2/Average Amounts Outstanding/Money Stock,100 million yen,MONTHLY,Money Stock,20260609,200110,null
MAM1NAM2M2MO,M2/Average Amounts Outstanding/Money Stock,100 million yen,MONTHLY,Money Stock,20260609,200111,null
MAM1NAM2M2MO,M2/Average Amounts Outstanding/Money Stock,100 million yen,MONTHLY,Money Stock,20260609,200112,null
MAM1NAM2M2MO,M2/Average Amounts Outstanding/Money Stock,100 million yen,MONTHLY,Money Stock,20260609,200201,null
MAM1NAM2M2MO,M2/Average Amounts Outstanding/Money Stock,100 million yen,MONTHLY,Money Stock,20260609,200202,null
MAM1NAM2M2MO,M2/Average Amounts Outstanding/Money Stock,100 million yen,MONTHLY,Money Stock,20260609,200203,null
MAM1NAM2M2MO,M2/Average Amounts Outstanding/Money Stock,100 million yen,MONTHLY,Money Stock,20260609,200204,null
MAM1NAM2M2MO,M2/Average Amounts Outstanding/Money Stock,100 million yen,MONTHLY,Money Stock,20260609,200205,null
MAM1NAM2M2MO,M2/Average Amounts Outstanding/Money Stock,100 million yen,MONTHLY,Money Stock,20260609,200206,null
MAM1NAM2M2MO,M2/Average Amounts Outstanding/Money Stock,100 million yen,MONTHLY,Money Stock,20260609,200207,null
MAM1NAM2M2MO,M2/Average Amounts Outstanding/Money Stock,100 million yen,MONTHLY,Money Stock,20260609,200208,null
MAM1NAM2M2MO,M2/Average Amounts Outstanding/Money Stock,100 million yen,MONTHLY,Money Stock,20260609,200209,null
MAM1NAM2M2MO,M2/Average Amounts Outstanding/Money Stock,100 million yen,MONTHLY,Money Stock,20260609,200210,null
MAM1NAM2M2MO,M2/Average Amounts Outstanding/Money Stock,100 million yen,MONTHLY,Money Stock,20260609,200211,null
MAM1NAM2M2MO,M2/Average Amounts Outstanding/Money Stock,100 million yen,MONTHLY,Money Stock,20260609,200212,null
MAM1NAM2M2MO,M2/Average Amounts Outstanding/Money Stock,100 million yen,MONTHLY,Money Stock,20260609,200301,null
MAM1NAM2M2MO,M2/Average Amounts Outstanding/Money Stock,100 million yen,MONTHLY,Money Stock,20260609,200302,null
MAM1NAM2M2MO,M2/Average Amounts Outstanding/Money Stock,100 million yen,MONTHLY,Money Stock,20260609,200303,null
MAM1NAM2M2MO,M2/Average Amounts Outstanding/Money Stock,100 million yen,MONTHLY,Money Stock,20260609,200304,6767067
MAM1NAM2M2MO,M2/Average Amounts Outstanding/Money Stock,100 million yen,MONTHLY,Money Stock,20260609,200305,6770869
MAM1NAM2M2MO,M2/Average Amounts Outstanding/Money Stock,100 million yen,MONTHLY,Money Stock,20260609,200306,6777550
MAM1NAM2M2MO,M2/Average Amounts Outstanding/Money Stock,100 million yen,MONTHLY,Money Stock,20260609,200307,6813055
MAM1NAM2M2MO,M2/Average Amounts Outstanding/Money Stock,100 million yen,MONTHLY,Money Stock,20260609,200308,6807344
MAM1NAM2M2MO,M2/Average Amounts Outstanding/Money Stock,100 million yen,MONTHLY,Money Stock,20260609,200309,6768459
MAM1NAM2M2MO,M2/Average Amounts Outstanding/Money Stock,100 million yen,MONTHLY,Money Stock,20260609,200310,6755731
MAM1NAM2M2MO,M2/Average Amounts Outstanding/Money Stock,100 million yen,MONTHLY,Money Stock,20260609,200311,6757284
MAM1NAM2M2MO,M2/Average Amounts Outstanding/Money Stock,100 million yen,MONTHLY,Money Stock,20260609,200312,6825840
MAM1NAM2M2MO,M2/Average Amounts Outstanding/Money Stock,100 million yen,MONTHLY,Money Stock,20260609,200401,6833119
MAM1NAM2M2MO,M2/Average Amounts Outstanding/Money Stock,100 million yen,MONTHLY,Money Stock,20260609,200402,6797767
MAM1NAM2M2MO,M2/Average Amounts Outstanding/Money Stock,100 million yen,MONTHLY,Money Stock,20260609,200403,6825916
MAM1NAM2M2MO,M2/Average Amounts Outstanding/Money Stock,100 million yen,MONTHLY,Money Stock,20260609,200404,6891883
MAM1NAM2M2MO,M2/Average Amounts Outstanding/Money Stock,100 million yen,MONTHLY,Money Stock,20260609,200405,6903843
MAM1NAM2M2MO,M2/Average Amounts Outstanding/Money Stock,100 million yen,MONTHLY,Money Stock,20260609,200406,6894824
MAM1NAM2M2MO,M2/Average Amounts Outstanding/Money Stock,100 million yen,MONTHLY,Money Stock,20260609,200407,6937875
MAM1NAM2M2MO,M2/Average Amounts Outstanding/Money Stock,100 million yen,MONTHLY,Money Stock,20260609,200408,6933689
MAM1NAM2M2MO,M2/Average Amounts Outstanding/Money Stock,100 million yen,MONTHLY,Money Stock,20260609,200409,6907282
MAM1NAM2M2MO,M2/Average Amounts Outstanding/Money Stock,100 million yen,MONTHLY,Money Stock,20260609,200410,6890506
MAM1NAM2M2MO,M2/Average Amounts Outstanding/Money Stock,100 million yen,MONTHLY,Money Stock,20260609,200411,6894786
MAM1NAM2M2MO,M2/Average Amounts Outstanding/Money Stock,100 million yen,MONTHLY,Money Stock,20260609,200412,6960622
MAM1NAM2M2MO,M2/Average Amounts Outstanding/Money Stock,100 million yen,MONTHLY,Money Stock,20260609,200501,6965712
MAM1NAM2M2MO,M2/Average Amounts Outstanding/Money Stock,100 million yen,MONTHLY,Money Stock,20260609,200502,6920502
MAM1NAM2M2MO,M2/Average Amounts Outstanding/Money Stock,100 million yen,MONTHLY,Money Stock,20260609,200503,6965119
MAM1NAM2M2MO,M2/Average Amounts Outstanding/Money Stock,100 million yen,MONTHLY,Money Stock,20260609,200504,7015356
MAM1NAM2M2MO,M2/Average Amounts Outstanding/Money Stock,100 million yen,MONTHLY,Money Stock,20260609,200505,7003169
MAM1NAM2M2MO,M2/Average Amounts Outstanding/Money Stock,100 million yen,MONTHLY,Money Stock,20260609,200506,7006819
MAM1NAM2M2MO,M2/Average Amounts Outstanding/Money Stock,100 million yen,MONTHLY,Money Stock,20260609,200507,7050604
MAM1NAM2M2MO,M2/Average Amounts Outstanding/Money Stock,100 million yen,MONTHLY,Money Stock,20260609,200508,7043747
MAM1NAM2M2MO,M2/Average Amounts Outstanding/Money Stock,100 million yen,MONTHLY,Money Stock,20260609,200509,7046184
MAM1NAM2M2MO,M2/Average Amounts Outstanding/Money Stock,100 million yen,MONTHLY,Money Stock,20260609,200510,7021746
MAM1NAM2M2MO,M2/Average Amounts Outstanding/Money Stock,100 million yen,MONTHLY,Money Stock,20260609,200511,7036014
MAM1NAM2M2MO,M2/Average Amounts Outstanding/Money Stock,100 million yen,MONTHLY,Money Stock,20260609,200512,7089899
MAM1NAM2M2MO,M2/Average Amounts Outstanding/Money Stock,100 million yen,MONTHLY,Money Stock,20260609,200601,7087795
MAM1NAM2M2MO,M2/Average Amounts Outstanding/Money Stock,100 million yen,MONTHLY,Money Stock,20260609,200602,7037961
MAM1NAM2M2MO,M2/Average Amounts Outstanding/Money Stock,100 million yen,MONTHLY,Money Stock,20260609,200603,7061195
MAM1NAM2M2MO,M2/Average Amounts Outstanding/Money Stock,100 million yen,MONTHLY,Money Stock,20260609,200604,7129110
MAM1NAM2M2MO,M2/Average Amounts Outstanding/Money Stock,100 million yen,MONTHLY,Money Stock,20260609,200605,7093181
MAM1NAM2M2MO,M2/Average Amounts Outstanding/Money Stock,100 million yen,MONTHLY,Money Stock,20260609,200606,7085888
MAM1NAM2M2MO,M2/Average Amounts Outstanding/Money Stock,100 million yen,MONTHLY,Money Stock,20260609,200607,7085186
MAM1NAM2M2MO,M2/Average Amounts Outstanding/Money Stock,100 million yen,MONTHLY,Money Stock,20260609,200608,7073070
MAM1NAM2M2MO,M2/Average Amounts Outstanding/Money Stock,100 million yen,MONTHLY,Money Stock,20260609,200609,7081933
MAM1NAM2M2MO,M2/Average Amounts Outstanding/Money Stock,100 million yen,MONTHLY,Money Stock,20260609,200610,7059775
MAM1NAM2M2MO,M2/Average Amounts Outstanding/Money Stock,100 million yen,MONTHLY,Money Stock,20260609,200611,7078251
MAM1NAM2M2MO,M2/Average Amounts Outstanding/Money Stock,100 million yen,MONTHLY,Money Stock,20260609,200612,7137934
MAM1NAM2M2MO,M2/Average Amounts Outstanding/Money Stock,100 million yen,MONTHLY,Money Stock,20260609,200701,7151423
MAM1NAM2M2MO,M2/Average Amounts Outstanding/Money Stock,100 million yen,MONTHLY,Money Stock,20260609,200702,7108923
MAM1NAM2M2MO,M2/Average Amounts Outstanding/Money Stock,100 million yen,MONTHLY,Money Stock,20260609,200703,7138415
MAM1NAM2M2MO,M2/Average Amounts Outstanding/Money Stock,100 million yen,MONTHLY,Money Stock,20260609,200704,7210967
MAM1NAM2M2MO,M2/Average Amounts Outstanding/Money Stock,100 million yen,MONTHLY,Money Stock,20260609,200705,7195192
MAM1NAM2M2MO,M2/Average Amounts Outstanding/Money Stock,100 million yen,MONTHLY,Money Stock,20260609,200706,7216367
MAM1NAM2M2MO,M2/Average Amounts Outstanding/Money Stock,100 million yen,MONTHLY,Money Stock,20260609,200707,7228811
MAM1NAM2M2MO,M2/Average Amounts Outstanding/Money Stock,100 million yen,MONTHLY,Money Stock,20260609,200708,7198156
MAM1NAM2M2MO,M2/Average Amounts Outstanding/Money Stock,100 million yen,MONTHLY,Money Stock,20260609,200709,7201921
MAM1NAM2M2MO,M2/Average Amounts Outstanding/Money Stock,100 million yen,MONTHLY,Money Stock,20260609,200710,7193436
MAM1NAM2M2MO,M2/Average Amounts Outstanding/Money Stock,100 million yen,MONTHLY,Money Stock,20260609,200711,7220662
MAM1NAM2M2MO,M2/Average Amounts Outstanding/Money Stock,100 million yen,MONTHLY,Money Stock,20260609,200712,7285588
MAM1NAM2M2MO,M2/Average Amounts Outstanding/Money Stock,100 million yen,MONTHLY,Money Stock,20260609,200801,7304457
MAM1NAM2M2MO,M2/Average Amounts Outstanding/Money Stock,100 million yen,MONTHLY,Money Stock,20260609,200802,7276617
MAM1NAM2M2MO,M2/Average Amounts Outstanding/Money Stock,100 million yen,MONTHLY,Money Stock,20260609,200803,7299474
MAM1NAM2M2MO,M2/Average Amounts Outstanding/Money Stock,100 million yen,MONTHLY,Money Stock,20260609,200804,7345919
MAM1NAM2M2MO,M2/Average Amounts Outstanding/Money Stock,100 million yen,MONTHLY,Money Stock,20260609,200805,7342982
MAM1NAM2M2MO,M2/Average Amounts Outstanding/Money Stock,100 million yen,MONTHLY,Money Stock,20260609,200806,7378298
MAM1NAM2M2MO,M2/Average Amounts Outstanding/Money Stock,100 million yen,MONTHLY,Money Stock,20260609,200807,7381435
MAM1NAM2M2MO,M2/Average Amounts Outstanding/Money Stock,100 million yen,MONTHLY,Money Stock,20260609,200808,7371732
MAM1NAM2M2MO,M2/Average Amounts Outstanding/Money Stock,100 million yen,MONTHLY,Money Stock,20260609,200809,7358569
MAM1NAM2M2MO,M2/Average Amounts Outstanding/Money Stock,100 million yen,MONTHLY,Money Stock,20260609,200810,7325322
MAM1NAM2M2MO,M2/Average Amounts Outstanding/Money Stock,100 million yen,MONTHLY,Money Stock,20260609,200811,7349960
MAM1NAM2M2MO,M2/Average Amounts Outstanding/Money Stock,100 million yen,MONTHLY,Money Stock,20260609,200812,7417325
MAM1NAM2M2MO,M2/Average Amounts Outstanding/Money Stock,100 million yen,MONTHLY,Money Stock,20260609,200901,7447359
MAM1NAM2M2MO,M2/Average Amounts Outstanding/Money Stock,100 million yen,MONTHLY,Money Stock,20260609,200902,7432345
MAM1NAM2M2MO,M2/Average Amounts Outstanding/Money Stock,100 million yen,MONTHLY,Money Stock,20260609,200903,7462845
MAM1NAM2M2MO,M2/Average Amounts Outstanding/Money Stock,100 million yen,MONTHLY,Money Stock,20260609,200904,7542195
MAM1NAM2M2MO,M2/Average Amounts Outstanding/Money Stock,100 million yen,MONTHLY,Money Stock,20260609,200905,7539544
MAM1NAM2M2MO,M2/Average Amounts Outstanding/Money Stock,100 million yen,MONTHLY,Money Stock,20260609,200906,7564651
MAM1NAM2M2MO,M2/Average Amounts Outstanding/Money Stock,100 million yen,MONTHLY,Money Stock,20260609,200907,7581721
MAM1NAM2M2MO,M2/Average Amounts Outstanding/Money Stock,100 million yen,MONTHLY,Money Stock,20260609,200908,7579114
MAM1NAM2M2MO,M2/Average Amounts Outstanding/Money Stock,100 million yen,MONTHLY,Money Stock,20260609,200909,7577582
MAM1NAM2M2MO,M2/Average Amounts Outstanding/Money Stock,100 million yen,MONTHLY,Money Stock,20260609,200910,7574488
MAM1NAM2M2MO,M2/Average Amounts Outstanding/Money Stock,100 million yen,MONTHLY,Money Stock,20260609,200911,7592868
MAM1NAM2M2MO,M2/Average Amounts Outstanding/Money Stock,100 million yen,MONTHLY,Money Stock,20260609,200912,7644352
MAM1NAM2M2MO,M2/Average Amounts Outstanding/Money Stock,100 million yen,MONTHLY,Money Stock,20260609,201001,7668556
MAM1NAM2M2MO,M2/Average Amounts Outstanding/Money Stock,100 million yen,MONTHLY,Money Stock,20260609,201002,7635656
MAM1NAM2M2MO,M2/Average Amounts Outstanding/Money Stock,100 million yen,MONTHLY,Money Stock,20260609,201003,7662193
MAM1NAM2M2MO,M2/Average Amounts Outstanding/Money Stock,100 million yen,MONTHLY,Money Stock,20260609,201004,7759675
MAM1NAM2M2MO,M2/Average Amounts Outstanding/Money Stock,100 million yen,MONTHLY,Money Stock,20260609,201005,7773641
MAM1NAM2M2MO,M2/Average Amounts Outstanding/Money Stock,100 million yen,MONTHLY,Money Stock,20260609,201006,7784280
MAM1NAM2M2MO,M2/Average Amounts Outstanding/Money Stock,100 million yen,MONTHLY,Money Stock,20260609,201007,7788079
MAM1NAM2M2MO,M2/Average Amounts Outstanding/Money Stock,100 million yen,MONTHLY,Money Stock,20260609,201008,7789657
MAM1NAM2M2MO,M2/Average Amounts Outstanding/Money Stock,100 million yen,MONTHLY,Money Stock,20260609,201009,7788638
MAM1NAM2M2MO,M2/Average Amounts Outstanding/Money Stock,100 million yen,MONTHLY,Money Stock,20260609,201010,7784699
MAM1NAM2M2MO,M2/Average Amounts Outstanding/Money Stock,100 million yen,MONTHLY,Money Stock,20260609,201011,7788978
MAM1NAM2M2MO,M2/Average Amounts Outstanding/Money Stock,100 million yen,MONTHLY,Money Stock,20260609,201012,7822875
MAM1NAM2M2MO,M2/Average Amounts Outstanding/Money Stock,100 million yen,MONTHLY,Money Stock,20260609,201101,7843991
MAM1NAM2M2MO,M2/Average Amounts Outstanding/Money Stock,100 million yen,MONTHLY,Money Stock,20260609,201102,7818290
MAM1NAM2M2MO,M2/Average Amounts Outstanding/Money Stock,100 million yen,MONTHLY,Money Stock,20260609,201103,7860811
MAM1NAM2M2MO,M2/Average Amounts Outstanding/Money Stock,100 million yen,MONTHLY,Money Stock,20260609,201104,7970763
MAM1NAM2M2MO,M2/Average Amounts Outstanding/Money Stock,100 million yen,MONTHLY,Money Stock,20260609,201105,7983201
MAM1NAM2M2MO,M2/Average Amounts Outstanding/Money Stock,100 million yen,MONTHLY,Money Stock,20260609,201106,8005162
MAM1NAM2M2MO,M2/Average Amounts Outstanding/Money Stock,100 million yen,MONTHLY,Money Stock,20260609,201107,8017214
MAM1NAM2M2MO,M2/Average Amounts Outstanding/Money Stock,100 million yen,MONTHLY,Money Stock,20260609,201108,7997234
MAM1NAM2M2MO,M2/Average Amounts Outstanding/Money Stock,100 million yen,MONTHLY,Money Stock,20260609,201109,8000077
MAM1NAM2M2MO,M2/Average Amounts Outstanding/Money Stock,100 million yen,MONTHLY,Money Stock,20260609,201110,8002828
MAM1NAM2M2MO,M2/Average Amounts Outstanding/Money Stock,100 million yen,MONTHLY,Money Stock,20260609,201111,8024423
MAM1NAM2M2MO,M2/Average Amounts Outstanding/Money Stock,100 million yen,MONTHLY,Money Stock,20260609,201112,8069214
MAM1NAM2M2MO,M2/Average Amounts Outstanding/Money Stock,100 million yen,MONTHLY,Money Stock,20260609,201201,8082743
MAM1NAM2M2MO,M2/Average Amounts Outstanding/Money Stock,100 million yen,MONTHLY,Money Stock,20260609,201202,8047690
MAM1NAM2M2MO,M2/Average Amounts Outstanding/Money Stock,100 million yen,MONTHLY,Money Stock,20260609,201203,8092707
MAM1NAM2M2MO,M2/Average Amounts Outstanding/Money Stock,100 million yen,MONTHLY,Money Stock,20260609,201204,8178578
MAM1NAM2M2MO,M2/Average Amounts Outstanding/Money Stock,100 million yen,MONTHLY,Money Stock,20260609,201205,8157056
MAM1NAM2M2MO,M2/Average Amounts Outstanding/Money Stock,100 million yen,MONTHLY,Money Stock,20260609,201206,8185426
MAM1NAM2M2MO,M2/Average Amounts Outstanding/Money Stock,100 million yen,MONTHLY,Money Stock,20260609,201207,8199760
MAM1NAM2M2MO,M2/Average Amounts Outstanding/Money Stock,100 million yen,MONTHLY,Money Stock,20260609,201208,8191274
MAM1NAM2M2MO,M2/Average Amounts Outstanding/Money Stock,100 million yen,MONTHLY,Money Stock,20260609,201209,8192726
MAM1NAM2M2MO,M2/Average Amounts Outstanding/Money Stock,100 million yen,MONTHLY,Money Stock,20260609,201210,8183764
MAM1NAM2M2MO,M2/Average Amounts Outstanding/Money Stock,100 million yen,MONTHLY,Money Stock,20260609,201211,8193913
MAM1NAM2M2MO,M2/Average Amounts Outstanding/Money Stock,100 million yen,MONTHLY,Money Stock,20260609,201212,8276923
MAM1NAM2M2MO,M2/Average Amounts Outstanding/Money Stock,100 million yen,MONTHLY,Money Stock,20260609,201301,8299554
MAM1NAM2M2MO,M2/Average Amounts Outstanding/Money Stock,100 million yen,MONTHLY,Money Stock,20260609,201302,8282805
MAM1NAM2M2MO,M2/Average Amounts Outstanding/Money Stock,100 million yen,MONTHLY,Money Stock,20260609,201303,8338735
MAM1NAM2M2MO,M2/Average Amounts Outstanding/Money Stock,100 million yen,MONTHLY,Money Stock,20260609,201304,8437335
MAM1NAM2M2MO,M2/Average Amounts Outstanding/Money Stock,100 million yen,MONTHLY,Money Stock,20260609,201305,8440305
MAM1NAM2M2MO,M2/Average Amounts Outstanding/Money Stock,100 million yen,MONTHLY,Money Stock,20260609,201306,8496379
MAM1NAM2M2MO,M2/Average Amounts Outstanding/Money Stock,100 million yen,MONTHLY,Money Stock,20260609,201307,8505401
MAM1NAM2M2MO,M2/Average Amounts Outstanding/Money Stock,100 million yen,MONTHLY,Money Stock,20260609,201308,8498909
MAM1NAM2M2MO,M2/Average Amounts Outstanding/Money Stock,100 million yen,MONTHLY,Money Stock,20260609,201309,8507913
MAM1NAM2M2MO,M2/Average Amounts Outstanding/Money Stock,100 million yen,MONTHLY,Money Stock,20260609,201310,8520882
MAM1NAM2M2MO,M2/Average Amounts Outstanding/Money Stock,100 million yen,MONTHLY,Money Stock,20260609,201311,8550157
MAM1NAM2M2MO,M2/Average Amounts Outstanding/Money Stock,100 million yen,MONTHLY,Money Stock,20260609,201312,8627674
MAM1NAM2M2MO,M2/Average Amounts Outstanding/Money Stock,100 million yen,MONTHLY,Money Stock,20260609,201401,8658882
MAM1NAM2M2MO,M2/Average Amounts Outstanding/Money Stock,100 million yen,MONTHLY,Money Stock,20260609,201402,8611077
MAM1NAM2M2MO,M2/Average Amounts Outstanding/Money Stock,100 million yen,MONTHLY,Money Stock,20260609,201403,8634439
MAM1NAM2M2MO,M2/Average Amounts Outstanding/Money Stock,100 million yen,MONTHLY,Money Stock,20260609,201404,8728308
MAM1NAM2M2MO,M2/Average Amounts Outstanding/Money Stock,100 million yen,MONTHLY,Money Stock,20260609,201405,8716091
MAM1NAM2M2MO,M2/Average Amounts Outstanding/Money Stock,100 million yen,MONTHLY,Money Stock,20260609,201406,8753539
MAM1NAM2M2MO,M2/Average Amounts Outstanding/Money Stock,100 million yen,MONTHLY,Money Stock,20260609,201407,8757077
MAM1NAM2M2MO,M2/Average Amounts Outstanding/Money Stock,100 million yen,MONTHLY,Money Stock,20260609,201408,8751629
MAM1NAM2M2MO,M2/Average Amounts Outstanding/Money Stock,100 million yen,MONTHLY,Money Stock,20260609,201409,8767152
MAM1NAM2M2MO,M2/Average Amounts Outstanding/Money Stock,100 million yen,MONTHLY,Money Stock,20260609,201410,8788034
MAM1NAM2M2MO,M2/Average Amounts Outstanding/Money Stock,100 million yen,MONTHLY,Money Stock,20260609,201411,8854000
MAM1NAM2M2MO,M2/Average Amounts Outstanding/Money Stock,100 million yen,MONTHLY,Money Stock,20260609,201412,8931353
MAM1NAM2M2MO,M2/Average Amounts Outstanding/Money Stock,100 million yen,MONTHLY,Money Stock,20260609,201501,8946578
MAM1NAM2M2MO,M2/Average Amounts Outstanding/Money Stock,100 million yen,MONTHLY,Money Stock,20260609,201502,8908583
MAM1NAM2M2MO,M2/Average Amounts Outstanding/Money Stock,100 million yen,MONTHLY,Money Stock,20260609,201503,8943131
MAM1NAM2M2MO,M2/Average Amounts Outstanding/Money Stock,100 million yen,MONTHLY,Money Stock,20260609,201504,9040704
MAM1NAM2M2MO,M2/Average Amounts Outstanding/Money Stock,100 million yen,MONTHLY,Money Stock,20260609,201505,9070027
MAM1NAM2M2MO,M2/Average Amounts Outstanding/Money Stock,100 million yen,MONTHLY,Money Stock,20260609,201506,9090087
MAM1NAM2M2MO,M2/Average Amounts Outstanding/Money Stock,100 million yen,MONTHLY,Money Stock,20260609,201507,9102447
MAM1NAM2M2MO,M2/Average Amounts Outstanding/Money Stock,100 million yen,MONTHLY,Money Stock,20260609,201508,9112081
MAM1NAM2M2MO,M2/Average Amounts Outstanding/Money Stock,100 million yen,MONTHLY,Money Stock,20260609,201509,9096904
MAM1NAM2M2MO,M2/Average Amounts Outstanding/Money Stock,100 million yen,MONTHLY,Money Stock,20260609,201510,9105777
MAM1NAM2M2MO,M2/Average Amounts Outstanding/Money Stock,100 million yen,MONTHLY,Money Stock,20260609,201511,9145928
MAM1NAM2M2MO,M2/Average Amounts Outstanding/Money Stock,100 million yen,MONTHLY,Money Stock,20260609,201512,9206476
MAM1NAM2M2MO,M2/Average Amounts Outstanding/Money Stock,100 million yen,MONTHLY,Money Stock,20260609,201601,9226554
MAM1NAM2M2MO,M2/Average Amounts Outstanding/Money Stock,100 million yen,MONTHLY,Money Stock,20260609,201602,9183408
MAM1NAM2M2MO,M2/Average Amounts Outstanding/Money Stock,100 million yen,MONTHLY,Money Stock,20260609,201603,9214352
MAM1NAM2M2MO,M2/Average Amounts Outstanding/Money Stock,100 million yen,MONTHLY,Money Stock,20260609,201604,9337483
MAM1NAM2M2MO,M2/Average Amounts Outstanding/Money Stock,100 million yen,MONTHLY,Money Stock,20260609,201605,9368340
MAM1NAM2M2MO,M2/Average Amounts Outstanding/Money Stock,100 million yen,MONTHLY,Money Stock,20260609,201606,9394599
MAM1NAM2M2MO,M2/Average Amounts Outstanding/Money Stock,100 million yen,MONTHLY,Money Stock,20260609,201607,9404959
MAM1NAM2M2MO,M2/Average Amounts Outstanding/Money Stock,100 million yen,MONTHLY,Money Stock,20260609,201608,9399942
MAM1NAM2M2MO,M2/Average Amounts Outstanding/Money Stock,100 million yen,MONTHLY,Money Stock,20260609,201609,9407430
MAM1NAM2M2MO,M2/Average Amounts Outstanding/Money Stock,100 million yen,MONTHLY,Money Stock,20260609,201610,9429381
MAM1NAM2M2MO,M2/Average Amounts Outstanding/Money Stock,100 million yen,MONTHLY,Money Stock,20260609,201611,9494509
MAM1NAM2M2MO,M2/Average Amounts Outstanding/Money Stock,100 million yen,MONTHLY,Money Stock,20260609,201612,9563427
MAM1NAM2M2MO,M2/Average Amounts Outstanding/Money Stock,100 million yen,MONTHLY,Money Stock,20260609,201701,9590487
MAM1NAM2M2MO,M2/Average Amounts Outstanding/Money Stock,100 million yen,MONTHLY,Money Stock,20260609,201702,9561292
MAM1NAM2M2MO,M2/Average Amounts Outstanding/Money Stock,100 million yen,MONTHLY,Money Stock,20260609,201703,9597629
MAM1NAM2M2MO,M2/Average Amounts Outstanding/Money Stock,100 million yen,MONTHLY,Money Stock,20260609,201704,9702896
MAM1NAM2M2MO,M2/Average Amounts Outstanding/Money Stock,100 million yen,MONTHLY,Money Stock,20260609,201705,9723663
MAM1NAM2M2MO,M2/Average Amounts Outstanding/Money Stock,100 million yen,MONTHLY,Money Stock,20260609,201706,9763583
MAM1NAM2M2MO,M2/Average Amounts Outstanding/Money Stock,100 million yen,MONTHLY,Money Stock,20260609,201707,9781486
MAM1NAM2M2MO,M2/Average Amounts Outstanding/Money Stock,100 million yen,MONTHLY,Money Stock,20260609,201708,9776216
MAM1NAM2M2MO,M2/Average Amounts Outstanding/Money Stock,100 million yen,MONTHLY,Money Stock,20260609,201709,9788225
MAM1NAM2M2MO,M2/Average Amounts Outstanding/Money Stock,100 million yen,MONTHLY,Money Stock,20260609,201710,9813059
MAM1NAM2M2MO,M2/Average Amounts Outstanding/Money Stock,100 million yen,MONTHLY,Money Stock,20260609,201711,9874847
MAM1NAM2M2MO,M2/Average Amounts Outstanding/Money Stock,100 million yen,MONTHLY,Money Stock,20260609,201712,9905721
MAM1NAM2M2MO,M2/Average Amounts Outstanding/Money Stock,100 million yen,MONTHLY,Money Stock,20260609,201801,9917009
MAM1NAM2M2MO,M2/Average Amounts Outstanding/Money Stock,100 million yen,MONTHLY,Money Stock,20260609,201802,9865773
MAM1NAM2M2MO,M2/Average Amounts Outstanding/Money Stock,100 million yen,MONTHLY,Money Stock,20260609,201803,9890903
MAM1NAM2M2MO,M2/Average Amounts Outstanding/Money Stock,100 million yen,MONTHLY,Money Stock,20260609,201804,10010867
MAM1NAM2M2MO,M2/Average Amounts Outstanding/Money Stock,100 million yen,MONTHLY,Money Stock,20260609,201805,10031511
MAM1NAM2M2MO,M2/Average Amounts Outstanding/Money Stock,100 million yen,MONTHLY,Money Stock,20260609,201806,10066296
MAM1NAM2M2MO,M2/Average Amounts Outstanding/Money Stock,100 million yen,MONTHLY,Money Stock,20260609,201807,10068028
MAM1NAM2M2MO,M2/Average Amounts Outstanding/Money Stock,100 million yen,MONTHLY,Money Stock,20260609,201808,10056582
MAM1NAM2M2MO,M2/Average Amounts Outstanding/Money Stock,100 million yen,MONTHLY,Money Stock,20260609,201809,10065900
MAM1NAM2M2MO,M2/Average Amounts Outstanding/Money Stock,100 million yen,MONTHLY,Money Stock,20260609,201810,10074396
MAM1NAM2M2MO,M2/Average Amounts Outstanding/Money Stock,100 million yen,MONTHLY,Money Stock,20260609,201811,10105049
MAM1NAM2M2MO,M2/Average Amounts Outstanding/Money Stock,100 million yen,MONTHLY,Money Stock,20260609,201812,10142429
MAM1NAM2M2MO,M2/Average Amounts Outstanding/Money Stock,100 million yen,MONTHLY,Money Stock,20260609,201901,10147973
MAM1NAM2M2MO,M2/Average Amounts Outstanding/Money Stock,100 million yen,MONTHLY,Money Stock,20260609,201902,10097697
MAM1NAM2M2MO,M2/Average Amounts Outstanding/Money Stock,100 million yen,MONTHLY,Money Stock,20260609,201903,10125050
MAM1NAM2M2MO,M2/Average Amounts Outstanding/Money Stock,100 million yen,MONTHLY,Money Stock,20260609,201904,10252191
MAM1NAM2M2MO,M2/Average Amounts Outstanding/Money Stock,100 million yen,MONTHLY,Money Stock,20260609,201905,10286310
MAM1NAM2M2MO,M2/Average Amounts Outstanding/Money Stock,100 million yen,MONTHLY,Money Stock,20260609,201906,10289611
MAM1NAM2M2MO,M2/Average Amounts Outstanding/Money Stock,100 million yen,MONTHLY,Money Stock,20260609,201907,10290435
MAM1NAM2M2MO,M2/Average Amounts Outstanding/Money Stock,100 million yen,MONTHLY,Money Stock,20260609,201908,10284205
MAM1NAM2M2MO,M2/Average Amounts Outstanding/Money Stock,100 million yen,MONTHLY,Money Stock,20260609,201909,10295668
MAM1NAM2M2MO,M2/Average Amounts Outstanding/Money Stock,100 million yen,MONTHLY,Money Stock,20260609,201910,10304091
MAM1NAM2M2MO,M2/Average Amounts Outstanding/Money Stock,100 million yen,MONTHLY,Money Stock,20260609,201911,10365381
MAM1NAM2M2MO,M2/Average Amounts Outstanding/Money Stock,100 million yen,MONTHLY,Money Stock,20260609,201912,10404214
MAM1NAM2M2MO,M2/Average Amounts Outstanding/Money Stock,100 million yen,MONTHLY,Money Stock,20260609,202001,10416148
MAM1NAM2M2MO,M2/Average Amounts Outstanding/Money Stock,100 million yen,MONTHLY,Money Stock,20260609,202002,10384810
MAM1NAM2M2MO,M2/Average Amounts Outstanding/Money Stock,100 million yen,MONTHLY,Money Stock,20260609,202003,10442899
MAM1NAM2M2MO,M2/Average Amounts Outstanding/Money Stock,100 million yen,MONTHLY,Money Stock,20260609,202004,10630037
MAM1NAM2M2MO,M2/Average Amounts Outstanding/Money Stock,100 million yen,MONTHLY,Money Stock,20260609,202005,10812699
MAM1NAM2M2MO,M2/Average Amounts Outstanding/Money Stock,100 million yen,MONTHLY,Money Stock,20260609,202006,11036494
MAM1NAM2M2MO,M2/Average Amounts Outstanding/Money Stock,100 million yen,MONTHLY,Money Stock,20260609,202007,11102775
MAM1NAM2M2MO,M2/Average Amounts Outstanding/Money Stock,100 million yen,MONTHLY,Money Stock,20260609,202008,11168053
MAM1NAM2M2MO,M2/Average Amounts Outstanding/Money Stock,100 million yen,MONTHLY,Money Stock,20260609,202009,11219593
MAM1NAM2M2MO,M2/Average Amounts Outstanding/Money Stock,100 million yen,MONTHLY,Money Stock,20260609,202010,11232567
MAM1NAM2M2MO,M2/Average Amounts Outstanding/Money Stock,100 million yen,MONTHLY,Money Stock,20260609,202011,11306001
MAM1NAM2M2MO,M2/Average Amounts Outstanding/Money Stock,100 million yen,MONTHLY,Money Stock,20260609,202012,11359680
MAM1NAM2M2MO,M2/Average Amounts Outstanding/Money Stock,100 million yen,MONTHLY,Money Stock,20260609,202101,11400194
MAM1NAM2M2MO,M2/Average Amounts Outstanding/Money Stock,100 million yen,MONTHLY,Money Stock,20260609,202102,11384748
MAM1NAM2M2MO,M2/Average Amounts Outstanding/Money Stock,100 million yen,MONTHLY,Money Stock,20260609,202103,11436375
MAM1NAM2M2MO,M2/Average Amounts Outstanding/Money Stock,100 million yen,MONTHLY,Money Stock,20260609,202104,11617797
MAM1NAM2M2MO,M2/Average Amounts Outstanding/Money Stock,100 million yen,MONTHLY,Money Stock,20260609,202105,11675413
MAM1NAM2M2MO,M2/Average Amounts Outstanding/Money Stock,100 million yen,MONTHLY,Money Stock,20260609,202106,11690901
MAM1NAM2M2MO,M2/Average Amounts Outstanding/Money Stock,100 million yen,MONTHLY,Money Stock,20260609,202107,11690056
MAM1NAM2M2MO,M2/Average Amounts Outstanding/Money Stock,100 million yen,MONTHLY,Money Stock,20260609,202108,11688405
MAM1NAM2M2MO,M2/Average Amounts Outstanding/Money Stock,100 million yen,MONTHLY,Money Stock,20260609,202109,11691501
MAM1NAM2M2MO,M2/Average Amounts Outstanding/Money Stock,100 million yen,MONTHLY,Money Stock,20260609,202110,11705647
MAM1NAM2M2MO,M2/Average Amounts Outstanding/Money Stock,100 million yen,MONTHLY,Money Stock,20260609,202111,11756672
MAM1NAM2M2MO,M2/Average Amounts Outstanding/Money Stock,100 million yen,MONTHLY,Money Stock,20260609,202112,11782086
MAM1NAM2M2MO,M2/Average Amounts Outstanding/Money Stock,100 million yen,MONTHLY,Money Stock,20260609,202201,11813179
MAM1NAM2M2MO,M2/Average Amounts Outstanding/Money Stock,100 million yen,MONTHLY,Money Stock,20260609,202202,11789009
MAM1NAM2M2MO,M2/Average Amounts Outstanding/Money Stock,100 million yen,MONTHLY,Money Stock,20260609,202203,11833171
MAM1NAM2M2MO,M2/Average Amounts Outstanding/Money Stock,100 million yen,MONTHLY,Money Stock,20260609,202204,12018499
MAM1NAM2M2MO,M2/Average Amounts Outstanding/Money Stock,100 million yen,MONTHLY,Money Stock,20260609,202205,12042833
MAM1NAM2M2MO,M2/Average Amounts Outstanding/Money Stock,100 million yen,MONTHLY,Money Stock,20260609,202206,12078178
MAM1NAM2M2MO,M2/Average Amounts Outstanding/Money Stock,100 million yen,MONTHLY,Money Stock,20260609,202207,12088016
MAM1NAM2M2MO,M2/Average Amounts Outstanding/Money Stock,100 million yen,MONTHLY,Money Stock,20260609,202208,12088202
MAM1NAM2M2MO,M2/Average Amounts Outstanding/Money Stock,100 million yen,MONTHLY,Money Stock,20260609,202209,12075500
MAM1NAM2M2MO,M2/Average Amounts Outstanding/Money Stock,100 million yen,MONTHLY,Money Stock,20260609,202210,12064408
MAM1NAM2M2MO,M2/Average Amounts Outstanding/Money Stock,100 million yen,MONTHLY,Money Stock,20260609,202211,12124935
MAM1NAM2M2MO,M2/Average Amounts Outstanding/Money Stock,100 million yen,MONTHLY,Money Stock,20260609,202212,12128301
MAM1NAM2M2MO,M2/Average Amounts Outstanding/Money Stock,100 million yen,MONTHLY,Money Stock,20260609,202301,12132455
MAM1NAM2M2MO,M2/Average Amounts Outstanding/Money Stock,100 million yen,MONTHLY,Money Stock,20260609,202302,12091386
MAM1NAM2M2MO,M2/Average Amounts Outstanding/Money Stock,100 million yen,MONTHLY,Money Stock,20260609,202303,12134406
MAM1NAM2M2MO,M2/Average Amounts Outstanding/Money Stock,100 million yen,MONTHLY,Money Stock,20260609,202304,12326939
MAM1NAM2M2MO,M2/Average Amounts Outstanding/Money Stock,100 million yen,MONTHLY,Money Stock,20260609,202305,12360428
MAM1NAM2M2MO,M2/Average Amounts Outstanding/Money Stock,100 million yen,MONTHLY,Money Stock,20260609,202306,12392324
MAM1NAM2M2MO,M2/Average Amounts Outstanding/Money Stock,100 million yen,MONTHLY,Money Stock,20260609,202307,12388936
MAM1NAM2M2MO,M2/Average Amounts Outstanding/Money Stock,100 million yen,MONTHLY,Money Stock,20260609,202308,12385266
MAM1NAM2M2MO,M2/Average Amounts Outstanding/Money Stock,100 million yen,MONTHLY,Money Stock,20260609,202309,12363619
MAM1NAM2M2MO,M2/Average Amounts Outstanding/Money Stock,100 million yen,MONTHLY,Money Stock,20260609,202310,12353137
MAM1NAM2M2MO,M2/Average Amounts Outstanding/Money Stock,100 million yen,MONTHLY,Money Stock,20260609,202311,12399055
MAM1NAM2M2MO,M2/Average Amounts Outstanding/Money Stock,100 million yen,MONTHLY,Money Stock,20260609,202312,12409742
MAM1NAM2M2MO,M2/Average Amounts Outstanding/Money Stock,100 million yen,MONTHLY,Money Stock,20260609,202401,12430886
MAM1NAM2M2MO,M2/Average Amounts Outstanding/Money Stock,100 million yen,MONTHLY,Money Stock,20260609,202402,12387111
MAM1NAM2M2MO,M2/Average Amounts Outstanding/Money Stock,100 million yen,MONTHLY,Money Stock,20260609,202403,12443081
MAM1NAM2M2MO,M2/Average Amounts Outstanding/Money Stock,100 million yen,MONTHLY,Money Stock,20260609,202404,12599890
MAM1NAM2M2MO,M2/Average Amounts Outstanding/Money Stock,100 million yen,MONTHLY,Money Stock,20260609,202405,12588866
MAM1NAM2M2MO,M2/Average Amounts Outstanding/Money Stock,100 million yen,MONTHLY,Money Stock,20260609,202406,12574420
MAM1NAM2M2MO,M2/Average Amounts Outstanding/Money Stock,100 million yen,MONTHLY,Money Stock,20260609,202407,12569139
MAM1NAM2M2MO,M2/Average Amounts Outstanding/Money Stock,100 million yen,MONTHLY,Money Stock,20260609,202408,12548351
MAM1NAM2M2MO,M2/Average Amounts Outstanding/Money Stock,100 million yen,MONTHLY,Money Stock,20260609,202409,12517047
MAM1NAM2M2MO,M2/Average Amounts Outstanding/Money Stock,100 million yen,MONTHLY,Money Stock,20260609,202410,12500641
MAM1NAM2M2MO,M2/Average Amounts Outstanding/Money Stock,100 million yen,MONTHLY,Money Stock,20260609,202411,12549271
MAM1NAM2M2MO,M2/Average Amounts Outstanding/Money Stock,100 million yen,MONTHLY,Money Stock,20260609,202412,12576036
MAM1NAM2M2MO,M2/Average Amounts Outstanding/Money Stock,100 million yen,MONTHLY,Money Stock,20260609,202501,12594584
MAM1NAM2M2MO,M2/Average Amounts Outstanding/Money Stock,100 million yen,MONTHLY,Money Stock,20260609,202502,12532312
MAM1NAM2M2MO,M2/Average Amounts Outstanding/Money Stock,100 million yen,MONTHLY,Money Stock,20260609,202503,12546125
MAM1NAM2M2MO,M2/Average Amounts Outstanding/Money Stock,100 million yen,MONTHLY,Money Stock,20260609,202504,12661783
MAM1NAM2M2MO,M2/Average Amounts Outstanding/Money Stock,100 million yen,MONTHLY,Money Stock,20260609,202505,12670430
MAM1NAM2M2MO,M2/Average Amounts Outstanding/Money Stock,100 million yen,MONTHLY,Money Stock,20260609,202506,12681276
MAM1NAM2M2MO,M2/Average Amounts Outstanding/Money Stock,100 million yen,MONTHLY,Money Stock,20260609,202507,12696115
MAM1NAM2M2MO,M2/Average Amounts Outstanding/Money Stock,100 million yen,MONTHLY,Money Stock,20260609,202508,12712303
MAM1NAM2M2MO,M2/Average Amounts Outstanding/Money Stock,100 million yen,MONTHLY,Money Stock,20260609,202509,12708455
MAM1NAM2M2MO,M2/Average Amounts Outstanding/Money Stock,100 million yen,MONTHLY,Money Stock,20260609,202510,12701975
MAM1NAM2M2MO,M2/Average Amounts Outstanding/Money Stock,100 million yen,MONTHLY,Money Stock,20260609,202511,12766866
MAM1NAM2M2MO,M2/Average Amounts Outstanding/Money Stock,100 million yen,MONTHLY,Money Stock,20260609,202512,12789115
MAM1NAM2M2MO,M2/Average Amounts Outstanding/Money Stock,100 million yen,MONTHLY,Money Stock,20260609,202601,12790601
MAM1NAM2M2MO,M2/Average Amounts Outstanding/Money Stock,100 million yen,MONTHLY,Money Stock,20260609,202602,12747378
MAM1NAM2M2MO,M2/Average Amounts Outstanding/Money Stock,100 million yen,MONTHLY,Money Stock,20260609,202603,12795094
MAM1NAM2M2MO,M2/Average Amounts Outstanding/Money Stock,100 million yen,MONTHLY,Money Stock,20260609,202604,12956190
MAM1NAM2M2MO,M2/Average Amounts Outstanding/Money Stock,100 million yen,MONTHLY,Money Stock,20260609,202605,12980932
